Age,Experience,Income,ZIP Code,Family,CCAvg,Education,Mortgage,Personal Loan,Securities Account,CD Account,Online,CreditCard
34,10,99,90597,2,2.7,1,0,1,0,1,0,0
53,31,54,92208,1,1.3,3,0,0,1,0,0,0
33,6,43,94902,3,2.2,2,173,0,0,0,0,0
48,28,54,92008,1,1.7,1,0,0,0,0,1,1
41,15,84,89883,3,0.1,1,0,0,0,0,0,0
45,25,120,96034,4,3.5,3,0,0,1,0,0,1
48,27,40,94067,3,1.3,3,241,0,0,0,1,0
52,29,51,94381,2,2.3,2,0,0,0,0,0,1
46,26,104,94865,2,3.0,1,0,0,0,0,1,1
30,1,161,95315,1,2.7,1,0,0,1,0,1,0
36,18,15,92140,4,1.6,3,0,0,1,0,0,1
49,24,94,92222,3,2.8,2,107,0,0,0,1,0
44,19,185,95229,3,1.7,3,243,1,0,0,0,0
63,41,204,92098,1,6.7,3,0,1,0,1,1,1
61,32,56,90323,1,3.0,3,0,0,0,0,0,0
39,17,52,95933,1,0.3,2,0,0,1,0,1,1
64,40,102,94164,3,1.3,1,0,1,0,0,0,0
63,37,17,94253,2,0.3,1,236,0,0,0,1,0
26,0,50,92104,1,2.3,3,0,0,0,0,1,0
57,28,92,92991,2,2.8,3,0,0,0,0,0,0
47,24,32,93244,4,0.9,3,0,0,0,0,0,1
41,22,38,95071,2,0.4,1,209,0,0,0,0,0
43,14,56,94503,4,0.2,3,0,0,0,0,0,0
52,23,98,90050,1,2.6,3,0,0,1,0,0,1
49,14,87,94571,2,1.5,1,0,0,0,0,1,0
41,11,98,90010,3,2.1,2,0,0,1,0,1,1
50,25,46,94379,1,2.9,3,131,0,0,0,1,1
43,10,31,92760,1,0.8,3,0,0,0,0,0,0
49,23,35,94256,4,0.6,3,187,0,0,0,0,0
26,5,25,95044,4,0.7,3,0,0,0,0,1,1
55,21,48,92166,2,4.0,1,138,0,0,0,0,0
42,15,40,92060,1,0.2,3,0,0,1,0,1,1
40,16,203,94122,1,1.3,3,0,0,0,0,1,0
28,5,25,96213,2,0.5,1,164,0,0,0,0,0
58,37,56,95124,1,0.2,3,0,0,0,0,0,1
31,18,31,94908,4,1.8,2,199,0,0,0,1,1
29,1,50,95036,1,0.3,1,318,0,0,0,1,0
37,15,107,93107,2,2.7,3,0,0,0,0,1,1
31,11,29,90490,1,2.7,1,0,0,0,0,0,0
43,12,56,94295,3,2.6,1,0,0,0,0,1,0
44,19,55,95654,1,1.3,3,360,0,0,0,1,1
61,37,45,95085,2,4.3,2,220,0,0,0,1,0
46,25,100,95006,3,1.9,3,0,0,0,0,1,0
30,5,98,90283,3,3.1,2,235,1,0,0,0,0
47,15,25,92569,2,0.9,1,0,0,0,0,0,0
62,35,162,92240,1,6.7,1,0,1,0,1,0,1
26,1,85,92164,1,2.6,1,0,0,0,0,0,0
52,23,31,94716,2,0.1,1,156,0,1,0,0,1
49,12,185,90313,3,7.3,1,278,0,0,0,1,0
57,38,35,95359,1,0.5,3,0,0,0,0,1,0
66,41,73,92074,1,2.6,1,0,0,0,0,1,1
35,13,59,94198,3,3.2,2,0,0,1,0,1,0
43,20,15,94320,3,1.2,2,0,0,0,0,1,0
51,31,54,94182,1,1.1,1,0,0,0,0,1,0
62,38,173,94675,1,2.5,3,306,0,0,0,1,1
45,19,86,91428,4,1.8,3,0,0,1,0,1,0
59,34,109,94226,4,2.5,1,0,0,1,0,0,1
66,43,113,94291,3,3.1,1,0,0,0,0,1,0
56,34,85,92917,1,3.0,3,308,0,0,0,0,0
42,27,220,90381,2,3.5,3,0,1,0,1,1,0
28,4,31,95959,1,2.1,1,0,0,0,0,1,0
25,0,158,91780,4,6.5,2,0,1,1,0,0,0
30,10,43,91742,3,0.3,1,0,0,0,0,0,1
32,5,123,92199,1,2.1,3,0,0,0,0,1,1
37,26,56,92921,1,2.5,3,0,0,0,0,1,1
51,31,54,94882,3,2.0,2,0,0,1,0,1,0
37,20,82,94991,2,1.1,1,174,0,0,0,0,1
48,22,82,92129,1,1.9,3,0,0,0,0,1,0
60,35,97,92226,1,3.2,1,0,0,0,0,0,0
45,21,81,94962,1,2.9,1,0,0,0,0,1,0
35,6,49,93298,1,2.6,3,0,0,0,0,0,0
26,7,98,92267,2,5.7,1,0,0,0,0,0,1
56,29,70,92681,3,1.5,1,91,0,1,0,0,1
61,35,167,92287,2,1.1,1,0,0,0,0,1,1
33,17,27,91612,2,1.1,2,0,0,0,0,0,1
53,28,48,93966,1,0.3,3,0,0,1,0,0,1
62,38,52,94100,2,3.5,1,0,0,0,0,0,0
54,26,33,90506,1,1.1,3,0,0,0,0,1,1
62,35,46,95143,1,2.5,3,0,0,0,0,1,1
60,35,39,92311,1,3.9,3,0,0,0,0,0,0
45,22,52,92732,1,2.8,3,161,0,0,0,1,0
26,1,61,94238,1,2.9,3,0,0,0,0,1,1
31,9,62,93430,1,0.8,1,0,0,0,0,1,0
39,13,31,92399,1,1.9,3,0,0,0,0,1,0
38,21,40,92848,1,0.2,1,201,0,0,0,0,0
43,21,44,92581,1,2.0,2,152,0,0,0,1,0
32,17,98,92112,3,1.8,2,0,0,0,0,0,1
40,15,38,92192,2,2.1,3,0,0,0,0,0,1
63,32,55,93136,2,2.6,3,0,0,0,0,0,0
57,31,169,95299,1,1.5,3,0,0,0,0,0,0
26,0,66,94819,3,0.3,1,0,0,0,0,0,0
32,6,87,93167,1,1.9,3,0,0,0,0,1,1
36,13,58,91725,1,3.2,1,0,0,1,0,0,0
32,12,50,92150,1,1.7,1,0,0,0,0,1,0
28,2,42,95795,2,2.6,3,0,0,0,0,0,0
65,40,93,94316,2,2.0,1,0,0,0,0,1,0
29,3,85,95264,3,3.6,2,0,0,0,0,0,0
56,34,96,93080,3,0.3,1,443,0,0,0,0,0
37,12,26,96274,1,2.0,3,110,0,1,0,1,0
64,36,95,95636,3,2.3,1,151,0,0,0,1,0
58,28,187,90354,2,2.2,1,0,0,0,0,1,0
30,7,170,92970,4,6.9,1,314,1,0,1,1,1
50,34,108,93325,1,3.1,1,247,0,0,0,1,0
34,13,102,90348,1,3.7,2,0,0,0,0,1,0
64,40,39,94035,4,1.6,3,347,0,0,0,1,0
33,20,52,96075,1,4.4,3,152,0,0,0,1,1
39,11,107,95251,1,9.0,3,0,1,0,0,1,1
36,17,185,95849,1,3.7,3,0,0,0,0,1,1
36,9,18,94796,2,1.7,1,0,0,0,0,0,0
27,5,32,92032,3,2.6,2,0,0,0,0,0,0
48,35,64,94438,1,0.6,3,0,0,0,0,1,0
52,29,42,95023,3,1.2,2,171,0,0,0,0,0
46,26,186,93350,1,5.1,1,0,1,0,1,0,0
42,23,170,94639,3,2.8,3,325,0,0,0,0,0
52,24,64,91521,2,2.7,1,0,0,0,0,0,0
27,1,60,93253,4,1.2,3,0,0,0,0,1,0
34,7,44,94306,1,0.8,3,0,0,0,0,0,1
63,38,116,93118,1,3.2,3,0,0,0,0,0,0
37,8,90,96010,2,2.7,2,0,0,0,0,1,0
49,22,48,92153,3,0.3,1,0,0,1,0,1,1
44,24,31,95686,3,2.4,1,224,0,0,0,0,0
62,34,42,94900,2,3.3,2,0,0,0,0,1,1
34,5,89,92046,2,1.5,1,0,0,0,0,0,0
47,20,111,94891,2,2.4,2,0,0,1,0,1,0
58,33,64,91746,1,2.8,3,0,0,1,0,1,1
43,8,97,92216,1,2.5,3,0,0,0,0,0,0
46,7,102,91328,3,0.9,1,204,0,0,0,1,0
51,26,189,92093,4,1.6,3,0,0,0,0,1,0
28,6,41,95270,1,4.8,3,0,0,0,0,1,1
43,21,50,94846,2,2.2,3,147,0,0,0,1,0
32,5,88,95190,1,3.3,2,0,0,0,0,0,0
53,22,105,95075,3,1.9,2,173,0,1,0,1,0
33,14,26,95039,2,1.1,2,0,0,0,0,0,0
47,23,187,92330,1,2.8,3,0,1,0,0,1,1
55,28,102,94155,1,2.6,1,271,0,0,1,1,1
57,30,150,94213,4,4.5,1,340,0,0,0,1,0
45,23,53,92741,1,1.7,1,229,0,0,0,0,0
46,21,84,95596,3,5.8,2,319,0,1,0,0,0
57,28,12,94233,2,2.4,1,0,0,0,0,1,0
35,8,17,93200,2,2.1,3,148,0,0,0,1,0
42,15,26,92164,2,1.4,1,0,0,0,0,1,0
66,42,36,92746,1,2.2,3,0,0,0,0,0,0
60,41,22,94820,4,1.3,2,0,0,0,0,0,0
54,32,107,94919,2,2.6,2,163,0,1,0,1,1
53,24,40,92165,1,2.4,3,0,0,1,0,1,1
64,42,36,92227,1,1.7,3,189,0,0,0,1,1
37,9,43,90210,4,0.2,3,286,0,1,0,1,1
51,34,32,92166,4,3.1,1,0,0,0,0,1,1
31,13,53,95116,4,0.3,2,203,0,0,0,0,0
45,18,43,94235,1,2.2,1,0,0,0,0,1,0
53,27,55,94121,4,2.7,3,0,0,1,0,0,1
27,0,61,95267,3,3.5,3,0,0,0,0,0,0
32,9,79,90305,1,0.0,1,0,0,0,0,0,0
63,37,39,91976,1,2.2,3,176,0,0,0,1,0
43,15,51,92935,1,0.3,3,0,0,0,0,1,0
58,35,100,90401,1,3.2,1,422,0,0,0,1,1
53,28,14,93306,2,1.6,2,127,0,0,0,1,1
50,19,31,91834,3,0.3,2,0,0,0,0,0,0
56,34,59,92184,1,0.2,3,0,0,0,0,0,1
56,33,34,92087,1,0.2,1,0,0,0,0,0,0
46,8,14,90241,1,1.5,1,191,0,0,0,1,0
48,21,139,92915,1,0.4,3,0,0,0,0,1,0
66,40,52,90345,1,3.8,3,0,0,0,0,1,0
39,15,27,91381,1,1.6,2,0,0,0,0,0,0
58,36,191,90468,2,8.4,1,397,1,0,1,0,0
34,6,50,91714,4,2.8,1,0,0,0,0,1,0
33,8,111,95375,1,0.3,3,589,0,1,0,0,1
52,36,26,93442,3,1.5,3,122,0,0,0,0,0
47,24,169,91528,2,1.7,1,0,0,1,0,1,0
47,18,51,92054,1,0.1,3,0,0,0,0,0,1
42,9,138,94159,1,6.3,1,0,1,0,0,0,0
42,12,90,95674,3,2.1,1,0,0,1,0,0,0
61,31,66,92164,1,1.1,3,0,0,0,0,0,0
40,8,78,91959,1,1.5,3,0,0,1,0,1,0
64,38,52,90120,1,1.7,3,0,0,0,0,0,0
27,3,44,95109,2,2.9,3,0,0,0,0,0,1
48,27,74,91298,3,1.3,3,0,0,0,0,1,0
32,19,16,92226,1,2.3,1,0,0,0,0,1,0
29,2,32,92865,1,0.2,1,0,0,0,0,0,0
36,11,87,92210,1,1.0,3,0,0,0,0,0,0
42,25,173,95530,1,3.3,3,0,1,0,1,0,1
62,31,16,95835,1,1.6,1,0,0,0,0,0,0
38,7,83,91495,4,2.4,2,0,0,1,0,0,1
37,14,120,92904,1,2.9,3,0,0,0,0,1,0
52,33,100,93333,3,2.8,1,0,0,0,0,0,0
25,3,46,92329,1,2.8,3,0,0,0,0,1,1
37,16,68,93272,1,1.7,3,0,0,0,0,0,0
62,40,31,91707,1,0.4,1,0,0,1,0,1,1
60,29,49,95839,4,1.8,2,0,0,0,0,0,0
61,36,83,95842,2,2.4,3,184,0,0,0,1,0
66,38,91,90215,4,1.1,1,232,0,1,0,1,0
27,2,33,93419,1,1.6,3,0,0,0,0,1,0
34,7,55,95117,1,3.2,3,0,0,0,0,1,0
32,3,48,94622,1,2.1,3,0,0,0,0,0,1
34,3,45,91547,2,0.8,1,0,0,0,0,1,0
41,23,104,92090,2,6.9,3,0,0,0,0,1,0
58,33,56,95772,4,3.2,3,221,0,0,0,1,0
58,27,176,91667,1,5.7,3,0,1,0,0,0,0
47,24,166,93192,4,7.3,1,385,1,0,1,1,0
36,5,32,94153,4,1.4,2,0,0,0,0,0,0
60,34,110,92935,1,2.0,3,0,0,0,0,0,1
46,31,61,90386,1,1.4,3,0,0,1,0,1,1
44,17,172,95919,1,0.0,1,0,1,0,1,0,0
56,29,103,94903,1,2.1,3,0,0,1,0,1,1
57,33,96,94758,4,2.2,3,0,0,0,0,1,0
51,28,90,92878,3,1.7,1,181,0,0,0,1,1
37,18,107,94692,1,3.2,3,0,0,0,0,1,1
56,33,99,94288,4,0.2,3,0,0,0,0,0,0
57,35,58,90443,4,2.0,1,149,0,1,0,1,0
33,2,37,92200,1,0.3,1,0,0,0,0,0,0
52,30,45,90243,4,0.3,1,153,0,0,0,0,1
49,28,110,92211,2,1.8,3,302,0,0,0,1,0
48,18,36,93237,4,2.3,3,153,0,0,0,0,0
57,34,166,91640,1,7.9,1,0,0,0,0,1,0
44,21,101,90393,3,1.3,3,0,0,1,0,0,0
40,11,45,92633,2,2.1,2,221,0,0,0,1,0
26,1,43,95010,1,1.5,1,0,0,0,0,0,0
53,22,183,92850,1,3.1,1,0,0,0,0,0,0
31,1,88,92065,4,2.4,1,0,0,0,0,0,0
65,40,27,91396,2,1.2,1,208,0,1,0,1,1
58,33,147,94082,2,1.2,1,0,0,1,0,1,1
45,21,173,93168,4,6.7,1,0,1,0,1,0,0
64,38,76,90456,3,2.1,2,0,0,1,1,0,1
40,16,73,94918,3,2.9,1,168,0,0,0,0,0
61,39,106,91591,1,0.5,3,0,0,0,0,0,0
51,35,56,94136,4,2.5,2,0,0,0,0,1,0
27,8,89,92069,4,3.0,3,0,0,0,0,0,1
64,34,137,94089,1,1.9,1,359,0,0,1,0,1
46,21,28,95579,1,1.3,3,0,0,0,0,1,1
39,17,103,92070,3,2.7,2,0,0,0,0,0,1
53,29,91,94686,2,2.2,3,0,0,0,0,0,0
61,36,65,93098,1,1.9,3,0,0,0,0,1,0
48,27,156,92433,4,8.1,1,0,1,0,0,0,0
58,28,96,94302,4,2.6,1,0,0,0,0,1,0
47,28,50,92755,1,0.5,3,0,0,0,0,1,0
55,30,37,95090,1,3.5,3,166,0,0,0,0,1
56,30,47,94261,4,0.3,2,113,0,1,0,1,0
64,40,97,92809,1,2.7,3,0,0,0,0,0,0
48,31,57,92449,1,3.7,3,155,0,0,0,1,0
35,16,45,94026,3,0.8,3,149,0,0,0,1,1
62,39,22,91376,2,1.9,1,0,0,0,0,0,0
65,38,80,95034,2,1.3,3,0,0,0,0,0,0
40,21,28,90359,1,0.4,1,0,0,0,0,1,0
65,40,17,90491,3,3.5,2,113,0,0,0,0,0
65,41,38,95254,2,3.1,3,0,0,0,0,1,1
52,24,162,94854,1,8.0,3,0,1,0,1,1,1
46,22,128,91851,4,3.6,3,0,1,1,0,1,0
53,26,47,94209,2,0.4,1,0,0,0,0,0,1
56,39,52,95763,2,1.6,1,0,0,0,0,1,0
29,6,54,93186,1,2.8,3,0,0,0,0,1,1
41,35,56,93517,1,0.6,3,231,0,0,0,0,1
56,32,102,92724,1,3.2,3,0,0,0,0,0,1
30,5,96,93097,2,0.3,3,0,0,0,0,0,0
44,18,64,93224,1,3.4,3,0,0,0,0,0,0
56,32,47,92307,1,2.7,1,0,0,0,0,0,0
52,27,31,93031,1,2.9,1,271,0,0,0,0,0
37,23,195,94972,3,6.9,3,264,0,0,0,1,1
59,35,99,95055,1,2.8,1,0,0,0,0,0,1
35,13,20,92290,1,1.8,3,0,0,0,0,1,0
60,34,103,93284,4,1.4,3,200,0,0,0,0,0
44,17,115,93077,1,2.5,3,0,0,0,0,0,0
49,24,20,92341,3,0.2,1,0,0,0,0,1,0
51,30,15,93530,1,2.7,2,0,0,0,0,1,1
47,24,46,93132,1,1.4,3,157,0,0,0,1,0
49,21,204,91866,4,6.6,1,238,0,0,0,1,0
38,14,68,93243,1,1.4,3,0,0,0,0,0,0
36,16,38,95130,2,2.1,1,222,0,1,0,1,0
34,7,97,95193,4,3.3,3,279,0,0,0,0,0
40,11,169,90090,1,0.8,3,0,0,1,0,1,1
59,31,107,94852,4,0.7,1,0,0,1,0,1,0
53,23,35,92290,1,3.5,3,0,0,0,0,1,0
31,2,85,95641,3,0.9,2,0,0,0,0,1,0
32,13,112,94906,3,0.3,2,0,0,0,0,1,0
57,31,95,94173,2,6.3,1,0,0,0,0,1,0
43,13,169,90230,2,6.8,1,207,0,0,0,0,0
46,18,58,92224,1,3.7,3,0,0,0,0,1,1
50,32,51,91229,1,0.3,3,0,0,0,0,1,0
51,31,45,94377,3,2.9,3,153,0,1,0,1,1
61,39,59,93364,1,3.1,3,0,0,0,0,0,1
54,29,106,92018,1,2.5,3,222,0,0,0,0,0
45,14,50,91525,1,2.9,2,0,0,0,0,1,0
60,35,54,94906,4,3.1,3,0,0,0,0,0,0
65,40,40,92186,3,2.1,2,0,0,1,0,1,0
35,12,181,92380,1,8.9,3,0,1,0,1,0,0
36,13,34,92144,4,0.3,3,0,0,0,0,1,1
45,30,41,95138,4,0.8,3,182,0,0,0,1,1
43,19,49,94839,1,1.2,3,0,0,0,0,0,1
46,16,39,94889,1,1.4,3,0,0,0,0,1,0
57,30,102,94309,2,0.8,3,366,0,0,0,0,0
58,36,33,95193,1,2.5,3,167,0,0,0,1,0
45,18,166,95902,1,0.3,1,0,1,0,0,0,0
31,7,189,96041,4,8.6,2,399,0,0,0,0,0
64,40,82,94782,2,2.2,1,0,0,1,0,1,0
58,27,164,90374,1,3.4,1,0,0,0,0,1,1
53,18,31,95190,2,1.8,1,151,0,0,0,0,0
63,34,46,95154,1,2.4,2,0,0,0,0,1,0
37,12,53,94766,3,1.3,2,282,0,0,0,1,1
61,38,119,94957,2,1.7,1,0,0,0,0,1,0
40,12,60,95100,2,1.2,1,0,0,0,0,1,0
30,6,194,92304,1,8.2,1,0,1,0,0,1,0
61,36,46,94388,1,3.0,3,112,0,0,0,1,0
29,9,85,94093,1,1.9,3,0,0,0,0,1,0
46,28,190,94916,1,2.7,2,0,0,0,0,1,0
32,10,83,91934,3,2.3,2,181,0,0,0,0,0
31,7,168,93014,1,5.1,3,0,0,0,1,1,1
54,30,76,94749,1,2.7,1,214,0,0,1,1,0
40,17,19,94897,2,3.6,3,0,0,0,0,1,0
56,15,29,92859,4,2.0,3,203,0,0,0,0,1
49,15,24,95619,4,0.2,3,0,0,0,0,1,1
54,29,95,92262,2,3.6,2,0,0,0,0,0,0
62,39,53,93291,1,3.5,3,133,0,0,0,0,1
28,1,52,91371,1,0.6,3,0,0,0,0,1,0
49,25,83,90311,1,3.1,3,0,0,0,0,1,0
61,36,55,90306,4,0.3,3,128,0,0,0,0,0
36,3,44,94857,1,1.8,3,192,0,0,0,0,0
60,32,37,95925,1,3.0,3,0,0,0,0,1,0
26,4,105,95745,1,0.3,2,192,0,0,0,0,0
43,24,185,95087,1,8.7,3,0,1,0,1,1,0
35,11,31,94177,4,0.3,2,146,0,0,0,0,0
51,20,87,95006,1,2.7,1,160,0,0,0,1,1
45,15,94,93108,2,0.9,1,0,0,1,0,0,0
40,13,156,91555,2,0.3,3,237,1,0,0,1,0
38,16,110,95082,4,7.7,2,0,1,1,0,0,0
63,35,61,93221,1,2.8,3,344,0,0,0,1,0
58,34,105,93002,1,1.6,2,0,0,0,0,1,0
40,21,173,93477,3,5.3,1,0,1,0,0,0,0
29,6,30,93077,4,0.2,2,0,0,0,0,0,0
52,27,195,95871,3,9.8,1,0,1,0,1,1,0
35,9,108,94277,1,3.1,3,0,0,0,0,1,1
29,3,33,94733,2,2.2,1,145,0,0,0,0,0
31,13,30,95000,3,2.1,3,143,0,1,0,0,1
57,30,52,94213,3,5.4,3,0,0,0,0,1,1
39,9,79,90303,3,0.1,2,0,0,0,0,0,0
67,42,40,93196,1,0.5,3,138,0,0,0,1,0
40,12,66,92093,2,3.4,1,205,0,0,0,1,0
61,38,156,91510,2,2.7,1,0,1,0,0,0,0
33,17,34,94292,3,1.0,1,211,0,0,0,1,1
31,0,78,90307,2,0.8,1,0,0,0,0,1,1
64,40,36,95105,3,3.0,3,0,0,0,0,0,0
61,35,83,90337,1,2.2,2,0,0,1,0,1,0
51,22,212,95015,2,2.9,3,0,0,0,0,1,1
52,31,190,96110,1,2.8,3,0,0,0,0,1,1
62,35,63,95722,3,1.4,1,155,0,0,0,1,0
43,11,49,92049,4,1.5,1,225,0,0,0,1,1
53,25,102,93042,4,2.1,1,0,0,0,0,1,0
64,40,84,91228,3,2.3,1,0,0,0,0,0,0
66,42,29,94371,1,2.1,3,0,0,0,0,1,0
40,29,184,92219,1,3.5,3,0,1,1,0,1,0
49,17,46,92941,4,0.3,2,0,0,0,0,1,0
62,40,97,92294,3,1.6,2,145,0,1,0,1,0
43,11,132,91935,2,1.7,3,302,0,0,1,1,0
41,16,158,93038,1,6.9,1,0,0,0,0,0,0
61,36,37,92244,3,0.3,2,0,0,0,0,0,0
52,27,47,95905,1,2.2,3,0,0,0,0,0,0
54,31,210,94816,1,3.4,3,206,0,0,0,0,0
44,14,111,94302,1,3.3,3,176,0,0,0,1,0
31,6,31,92870,1,1.1,2,329,0,0,0,0,1
27,-1,94,94221,1,1.2,3,0,0,0,0,0,0
44,18,113,93379,4,2.8,3,0,0,1,0,0,0
32,8,107,90364,1,3.5,1,365,0,0,1,0,0
54,33,129,94912,4,2.9,1,0,0,0,0,1,0
65,40,85,91335,1,0.2,3,0,0,0,0,0,0
49,16,45,92113,1,1.5,3,0,0,0,0,1,0
35,13,30,94951,1,2.6,3,0,0,1,0,1,0
63,38,96,92141,3,1.1,3,192,0,1,0,0,0
30,6,83,90199,2,1.9,1,154,0,0,0,0,0
52,33,18,90530,4,3.3,2,0,0,0,0,0,0
31,6,96,92918,4,3.0,3,266,0,0,0,1,0
39,17,184,92263,4,0.0,1,0,0,0,0,1,1
32,2,152,94424,1,3.3,1,0,0,0,0,0,0
31,8,180,94168,1,2.7,3,0,1,0,1,0,1
61,41,13,94180,2,1.3,3,263,0,0,0,1,1
27,4,15,95846,1,2.5,3,0,0,0,0,1,0
63,34,89,94966,1,2.9,2,0,0,0,0,1,0
54,29,99,94914,1,3.3,3,0,0,0,0,0,0
57,35,43,95806,2,2.6,3,0,0,0,0,1,0
63,34,65,96048,2,0.2,3,392,0,0,0,0,1
46,18,181,92231,1,1.6,1,0,0,0,0,1,0
29,7,50,92084,4,0.3,1,195,1,0,0,1,1
60,32,102,94253,3,1.3,2,0,0,0,0,1,1
39,17,109,92241,3,3.3,1,0,0,0,0,0,0
62,30,47,92735,1,2.9,2,0,0,0,0,1,0
32,4,29,91355,2,1.9,3,134,0,0,0,1,1
54,30,51,91762,1,0.3,3,0,0,0,0,1,0
40,19,49,93277,1,3.8,3,0,0,0,0,1,1
39,17,34,91744,1,2.3,2,0,0,0,0,1,0
39,14,99,94891,2,0.0,1,0,0,0,0,0,0
35,15,59,91448,1,3.7,3,346,0,0,0,1,0
46,23,87,95140,1,2.9,1,208,0,0,0,1,1
64,39,51,92315,2,4.5,3,333,0,0,0,1,0
33,7,56,95684,1,2.2,3,171,0,0,0,1,0
31,9,83,92358,1,2.4,3,0,0,0,0,0,1
55,28,46,92163,1,2.1,1,165,0,0,0,1,0
32,7,48,94401,4,3.0,3,156,0,0,0,1,1
34,12,43,94050,1,1.8,3,133,0,0,0,0,1
39,25,98,90457,1,3.4,3,0,0,0,0,1,1
50,23,47,94077,4,3.1,3,0,0,0,0,0,0
49,20,32,94408,4,3.4,3,145,0,1,0,1,0
64,40,32,93103,4,0.4,2,176,0,0,0,0,1
37,13,62,91904,1,5.0,3,0,0,0,0,1,0
44,23,28,94662,4,1.1,2,228,0,0,0,0,0
37,14,95,95791,1,0.0,1,0,0,0,0,1,0
25,0,48,95848,1,2.8,3,0,0,0,0,1,0
32,8,157,90453,2,5.8,1,0,0,0,0,0,0
32,9,50,93409,1,1.9,3,0,0,0,0,1,1
27,7,82,92889,3,2.7,3,0,0,0,0,1,0
38,9,86,94084,3,2.1,2,297,1,0,0,0,1
51,26,187,94462,2,7.9,1,0,1,0,1,0,0
43,19,172,90005,4,2.1,1,0,0,0,0,1,0
38,19,96,93055,3,2.3,2,0,0,0,0,1,1
43,22,29,94210,4,0.8,3,175,0,0,0,0,0
27,-1,148,91682,1,3.7,1,0,0,0,1,0,0
36,6,206,93313,1,3.3,1,0,0,0,0,1,0
35,22,106,93268,4,3.4,1,0,0,0,0,1,0
40,19,216,90579,1,7.3,3,0,1,0,1,1,0
44,19,94,91530,4,1.8,3,312,0,0,0,0,0
46,16,59,95001,4,0.2,3,124,0,0,0,1,0
62,38,207,95302,2,8.6,1,0,1,0,1,0,0
62,40,40,95985,4,2.6,3,190,0,0,0,1,0
41,12,57,93476,4,2.5,3,160,0,0,0,1,1
28,5,55,92141,1,0.3,2,0,0,0,0,0,0
54,33,102,94899,4,5.0,3,0,0,0,0,1,1
36,6,48,90446,1,2.8,1,216,0,0,0,1,0
26,2,37,91454,1,0.3,1,0,0,0,0,0,0
57,33,24,91461,1,2.0,3,0,0,1,0,0,0
48,25,14,92054,1,1.5,1,0,0,0,0,1,0
57,34,49,92859,3,2.2,1,0,0,1,0,1,1
50,34,35,94911,1,0.5,3,213,0,0,0,1,0
33,11,21,94939,1,1.4,3,0,0,1,0,1,1
65,39,26,95016,1,1.2,2,0,0,0,0,1,1
49,25,52,94155,4,3.4,1,0,0,0,0,1,1
60,30,103,92875,2,3.3,2,0,0,0,0,0,1
48,32,27,95633,1,2.5,3,0,0,0,0,0,0
61,36,15,90232,1,3.3,2,0,0,0,0,1,1
53,29,105,91838,3,6.8,1,261,0,0,0,1,0
62,33,108,91756,1,3.4,1,0,0,0,0,1,1
36,17,168,92246,1,2.4,3,0,0,0,0,1,1
63,41,33,96131,3,2.2,3,177,0,0,0,1,0
63,39,165,91095,1,6.6,1,0,1,0,1,1,1
57,30,79,93294,4,4.1,3,193,0,0,0,0,0
56,34,35,94729,3,1.1,1,0,0,0,0,0,0
44,21,35,96481,1,3.6,3,215,0,0,0,0,0
60,28,173,94981,1,0.0,3,0,0,0,0,0,0
38,5,142,94729,1,5.7,3,0,0,1,0,0,0
27,0,62,95001,1,2.3,3,0,0,0,0,1,1
34,14,97,90182,4,3.1,3,0,1,0,0,1,0
62,37,64,94857,4,3.1,2,0,0,1,0,1,0
55,21,32,94737,3,1.5,1,0,0,0,0,0,0
49,26,53,90245,1,1.6,1,132,0,1,0,1,1
64,40,57,94309,4,1.4,3,0,0,0,0,1,1
29,11,50,95835,2,1.0,3,0,0,1,0,1,0
60,36,100,90367,3,3.1,1,0,0,0,0,1,0
37,11,161,94201,1,2.7,3,0,0,0,1,0,1
38,10,43,94103,1,2.2,3,0,0,0,0,1,1
46,19,89,92882,2,1.0,3,219,0,0,0,0,0
54,19,92,94873,3,3.2,3,0,0,0,0,0,0
29,6,50,96042,4,1.2,3,162,0,0,0,0,0
45,18,59,93308,1,3.5,3,141,0,0,0,0,1
52,33,88,94152,3,1.4,1,146,0,1,0,1,0
57,33,35,91715,1,4.0,3,175,0,0,0,0,1
61,39,36,94876,1,1.5,3,0,0,0,0,1,0
34,4,101,93414,1,3.0,2,0,0,0,0,0,0
38,10,93,94789,1,3.8,3,0,0,0,0,0,0
27,11,170,93129,2,0.4,1,0,0,0,0,0,1
48,16,41,95055,1,1.6,3,0,0,0,0,1,1
37,11,86,96037,1,3.6,1,0,0,0,0,0,0
27,5,185,95244,1,8.6,1,0,1,0,1,1,0
49,20,30,94546,4,0.2,1,164,0,0,0,1,0
36,11,43,93158,1,2.6,3,0,0,0,0,1,1
66,40,56,90616,1,4.6,3,0,0,0,0,1,0
44,27,118,95006,4,3.7,3,195,0,1,0,1,1
54,23,77,94804,4,0.3,1,0,0,0,0,0,0
58,26,53,94070,2,1.8,3,170,0,0,0,1,1
51,29,31,94193,3,1.2,2,0,0,0,0,0,1
27,0,81,91603,3,1.2,2,0,0,0,0,1,0
63,40,42,95195,4,3.0,3,0,0,0,0,1,1
31,14,84,90294,4,2.5,2,0,0,0,0,1,1
65,42,82,91413,4,2.5,1,0,0,0,0,1,1
49,23,76,92392,1,1.2,1,0,0,0,0,0,1
55,33,36,90581,1,3.9,3,0,0,0,0,0,1
50,34,46,90255,2,2.2,1,212,0,0,0,1,0
38,19,117,94976,1,2.4,3,0,0,0,0,1,0
46,26,26,94079,4,1.1,2,0,0,0,0,1,0
59,27,32,94884,2,1.7,3,0,0,0,0,1,0
42,11,60,93518,1,6.1,3,0,0,0,0,1,0
57,38,122,95365,2,2.8,1,0,0,0,0,1,1
45,30,109,94716,3,8.6,3,0,0,0,0,1,1
60,37,27,92056,1,3.3,3,0,0,0,0,1,0
43,20,34,93373,1,0.3,3,0,0,1,0,0,1
52,20,30,94850,4,1.6,3,0,0,1,0,1,0
65,39,105,94946,3,1.1,2,120,0,0,0,1,0
30,10,35,92369,1,1.4,3,0,0,1,0,0,1
44,22,27,94185,2,1.7,3,161,0,0,0,1,1
48,28,54,90324,1,3.4,1,194,0,0,0,0,0
39,13,59,91638,1,3.0,3,0,0,0,0,0,0
36,7,54,92564,2,2.1,3,0,0,0,0,1,0
54,19,175,95051,1,7.9,1,0,0,0,0,0,1
53,26,60,92145,4,4.0,1,0,0,0,0,0,1
60,35,93,94853,3,0.3,1,0,0,0,0,1,0
56,34,93,90370,3,1.7,2,0,0,0,0,0,1
53,24,79,94917,4,2.8,1,0,0,0,0,0,1
26,3,97,96084,1,0.9,2,0,0,0,0,0,0
39,12,202,92321,1,3.7,2,0,1,0,0,1,0
32,5,51,90289,1,3.1,1,0,0,0,0,1,0
39,12,37,95374,1,3.6,3,204,0,0,0,1,0
34,6,96,91974,4,1.6,3,0,0,0,0,1,0
63,40,39,94305,1,0.5,1,237,0,0,0,1,0
31,1,49,93038,1,2.3,3,0,0,0,0,0,0
31,3,208,95363,2,8.8,3,0,1,0,0,1,1
66,41,60,91533,3,0.3,2,0,0,0,0,0,0
38,20,25,92221,1,1.9,3,0,0,1,0,1,1
46,28,101,91827,3,2.8,1,239,0,0,0,0,0
60,32,86,94854,2,1.9,3,0,0,0,0,1,0
46,13,80,95026,3,1.2,2,454,0,0,0,1,1
54,25,83,95771,2,2.8,1,0,0,0,0,1,0
53,27,24,90275,2,1.7,2,166,0,0,0,0,0
31,12,46,92309,1,2.2,3,0,0,0,0,1,0
59,35,119,92135,2,5.8,1,0,0,0,0,1,0
42,15,191,93448,2,9.3,1,0,0,0,0,1,0
40,13,28,95994,1,2.7,3,144,0,1,0,1,0
38,14,85,95773,3,2.5,2,0,0,0,0,0,1
47,20,18,96147,1,1.3,3,0,0,0,0,1,0
32,7,170,95244,2,3.3,3,0,1,0,1,0,0
58,32,20,92092,1,1.4,1,170,0,0,0,1,1
28,5,107,95222,1,2.9,3,0,1,0,0,1,0
52,27,77,93250,1,1.1,3,0,0,0,0,1,0
56,28,35,94913,1,2.2,3,0,0,0,0,1,1
47,25,104,90420,4,1.4,2,0,0,0,0,0,0
56,30,172,94323,4,3.0,1,0,0,0,0,0,0
48,20,193,91927,1,6.3,3,0,1,0,1,1,0
27,10,181,95164,2,8.7,3,0,0,0,1,1,1
52,28,118,94376,2,2.4,3,0,0,0,0,0,0
37,16,15,95831,3,2.1,1,0,0,0,0,1,0
62,39,44,91619,1,2.4,3,130,0,0,0,0,1
52,37,46,95075,4,4.7,3,380,0,0,0,0,1
59,30,43,91308,1,0.6,3,197,0,1,0,1,1
30,6,56,91776,1,1.7,3,0,0,0,0,0,1
32,9,42,90320,1,0.2,3,183,0,0,0,0,0
33,8,31,94258,1,2.3,3,145,0,0,0,1,0
33,14,28,94929,4,1.1,3,0,0,0,0,1,1
54,23,185,94287,2,8.6,1,0,1,0,1,1,0
41,18,35,94254,3,2.2,2,0,0,0,0,1,0
51,22,51,91469,2,2.1,2,148,0,1,0,1,1
56,31,53,95049,4,0.6,2,0,0,0,0,1,0
56,30,58,95072,1,3.8,3,0,0,0,0,1,1
33,7,19,93275,1,2.9,3,154,0,0,0,1,0
33,7,79,92213,1,1.7,2,0,0,1,0,1,0
25,4,32,95038,4,1.3,3,172,0,0,0,1,0
29,10,47,91679,4,0.2,1,158,0,0,0,0,1
35,6,110,94286,3,2.8,2,0,0,0,0,1,0
51,36,99,95259,1,2.4,3,0,0,1,0,1,1
44,24,50,95327,1,3.7,3,0,0,0,0,1,0
25,-1,32,94318,1,1.6,3,0,0,0,0,1,0
40,7,26,93469,1,2.2,3,0,0,0,0,0,0
45,30,16,92202,1,3.0,3,0,0,0,0,1,1
63,34,58,92144,1,1.9,1,150,0,0,0,0,0
59,34,17,90320,1,1.1,3,0,0,1,0,1,0
39,17,99,92322,2,2.3,1,0,0,0,0,0,0
30,8,110,92085,3,2.2,3,0,0,1,0,0,0
43,18,82,93509,1,2.5,1,0,0,0,0,1,0
62,30,44,95703,1,1.8,1,0,0,0,0,0,0
37,12,28,92997,1,3.0,3,0,0,0,0,1,0
44,24,168,92840,1,0.8,1,0,0,0,0,1,1
66,41,30,93915,1,0.3,3,0,0,0,0,1,1
52,19,36,94141,1,0.7,3,0,0,0,0,0,1
56,34,186,94240,2,8.7,1,261,1,0,0,1,0
28,4,27,91765,4,2.6,2,343,0,0,0,0,0
29,10,167,90344,1,2.0,1,0,0,0,0,1,1
39,21,98,95499,1,4.1,3,0,0,0,0,0,0
40,17,55,96157,1,2.7,3,0,0,0,0,1,0
44,16,159,95873,4,2.8,1,0,0,0,0,1,0
61,34,64,93517,1,2.9,3,152,0,1,0,0,0
36,15,117,94829,3,2.6,3,474,1,1,0,0,0
41,26,130,94967,1,2.8,3,0,1,0,0,0,0
58,34,30,93165,1,3.1,2,0,0,0,0,1,0
38,25,99,94206,1,3.3,2,0,0,0,0,1,0
30,5,87,90183,4,1.7,2,0,0,0,0,1,0
65,40,34,94293,1,1.8,3,0,0,0,0,1,0
65,42,53,90130,2,0.2,1,108,0,1,0,1,0
62,37,199,94117,2,7.1,1,0,0,0,0,1,0
36,14,35,95154,2,1.5,2,0,0,0,0,0,0
44,31,33,94236,4,0.3,3,229,0,1,0,1,0
31,14,198,93106,3,3.9,1,0,0,0,0,0,0
51,26,93,95423,4,2.7,2,0,0,0,0,0,0
65,40,183,93243,1,2.8,1,0,1,0,1,0,0
50,28,164,94140,2,2.0,1,0,0,0,0,1,0
55,34,52,91567,1,1.2,3,0,0,0,0,0,0
52,28,46,94880,2,0.0,1,121,0,0,0,0,0
26,2,81,91867,4,2.8,3,0,0,0,0,1,0
51,30,33,91979,1,1.8,3,0,0,0,0,0,0
64,38,57,92862,1,1.4,3,0,0,1,0,1,1
65,34,15,94885,3,1.5,3,131,0,0,0,0,1
56,34,75,90344,4,2.5,2,124,0,0,0,1,0
48,14,34,93313,4,2.2,2,0,0,0,0,1,1
48,25,62,91871,1,2.2,2,158,0,0,0,1,0
63,38,60,94691,4,1.4,2,0,0,0,0,0,0
34,7,91,95018,4,2.9,2,0,0,0,0,0,0
27,1,191,90455,1,8.6,1,0,1,0,1,0,1
33,15,29,93084,2,3.5,1,0,0,0,0,0,0
53,30,32,94842,3,1.6,2,0,0,0,0,1,0
44,12,79,94922,2,1.3,2,0,0,1,0,1,0
44,26,47,93542,4,0.6,3,0,0,0,0,1,1
59,28,91,92881,1,2.5,1,0,0,0,0,0,0
64,38,12,92179,3,3.8,2,0,0,0,0,1,0
37,5,103,92233,3,4.2,3,0,0,0,0,0,0
42,28,40,94133,4,2.2,3,0,0,0,0,1,1
47,32,80,92023,3,5.6,2,301,1,0,0,1,0
29,6,194,94288,3,6.1,1,0,1,0,1,1,1
57,32,103,94238,1,2.7,1,151,0,0,0,0,1
43,19,57,94979,1,1.5,3,166,0,0,0,1,0
29,3,172,93080,1,7.0,3,0,1,0,0,1,0
35,15,58,95081,2,2.9,1,0,1,0,0,0,0
28,4,34,93103,2,2.1,3,182,0,0,0,1,0
55,33,43,92084,2,2.1,2,0,0,0,0,1,0
65,42,107,92987,3,1.6,1,0,0,0,0,1,1
50,26,28,92905,3,1.3,2,0,0,0,0,1,1
58,33,126,93509,1,3.5,1,0,0,0,0,0,1
57,29,90,94139,3,2.3,2,0,0,0,0,1,0
30,3,55,94928,1,1.9,1,342,0,0,0,0,0
53,18,74,94399,4,2.1,1,0,0,0,0,0,1
63,37,180,91931,4,8.1,1,0,1,0,1,1,0
25,0,57,94718,1,2.7,3,0,0,0,0,1,0
35,4,82,92068,3,1.3,2,0,0,0,0,1,1
44,14,81,94927,4,1.6,2,313,0,0,0,0,1
38,17,91,92185,2,2.8,3,0,0,0,0,1,0
46,26,28,94724,2,0.9,3,130,0,0,0,0,1
38,11,57,92313,1,0.5,3,295,0,0,0,0,1
32,13,188,95089,3,8.2,2,0,1,1,0,0,0
43,19,16,93252,2,0.8,1,0,0,0,0,0,1
47,17,34,93301,1,2.4,2,133,0,0,0,0,0
49,21,83,95314,1,0.2,3,0,0,0,0,1,0
64,38,89,94717,2,2.8,1,163,0,0,0,1,0
41,20,179,90562,1,8.4,1,0,1,0,1,0,0
51,27,168,91077,1,0.4,3,0,0,0,0,1,0
51,16,173,95331,1,9.3,1,0,0,0,0,1,0
49,22,29,95174,1,1.3,2,0,0,0,0,0,0
52,31,158,91289,2,8.0,3,342,0,0,0,1,1
42,17,156,94298,2,0.2,1,0,0,0,0,1,0
29,4,175,94303,4,2.5,1,0,0,0,0,1,1
62,40,102,92170,1,3.4,3,0,0,1,0,0,1
56,34,59,94800,1,1.0,3,0,0,0,0,1,1
64,38,39,94831,1,1.8,3,0,0,0,0,1,1
51,27,84,92153,3,2.2,3,335,0,0,0,1,1
54,23,177,93045,1,6.9,1,0,1,0,1,0,0
34,8,52,93084,1,2.8,3,128,0,0,0,1,0
52,37,158,92092,2,1.5,1,0,0,1,0,1,0
63,37,19,93016,1,1.8,2,0,0,0,0,1,1
30,7,44,92965,1,1.3,1,336,0,0,0,0,0
52,32,101,92034,4,3.2,2,270,0,0,0,1,0
44,24,123,90379,3,2.5,2,0,0,0,0,1,1
28,0,52,94106,3,1.0,2,189,0,1,0,1,0
41,23,179,94870,1,7.0,3,0,1,0,1,0,0
54,18,83,95756,3,0.9,3,152,0,0,0,1,0
52,31,186,94197,1,8.4,1,0,1,0,1,0,0
57,34,108,95417,4,1.9,3,206,0,1,0,1,0
40,16,186,91444,1,6.0,2,0,0,0,0,0,0
64,40,20,90362,2,1.8,3,0,0,1,0,1,0
64,37,34,94967,4,1.5,3,277,0,1,0,1,1
38,14,57,95013,1,3.4,3,193,0,0,0,0,0
60,41,175,92186,2,6.7,3,0,1,0,0,1,0
26,1,107,93017,4,4.0,3,0,0,0,0,1,1
30,9,172,92320,3,2.5,1,385,0,0,0,1,0
29,4,28,91954,1,1.5,3,141,0,0,0,1,0
36,10,46,94835,1,3.0,2,0,0,0,0,1,0
64,37,54,94768,3,1.5,1,0,0,1,0,1,0
58,34,153,90220,3,3.0,1,0,0,0,0,0,0
36,8,80,94787,2,0.3,1,0,0,0,0,1,0
57,38,84,94076,1,5.4,2,0,0,0,0,0,0
57,36,191,96029,1,2.2,3,0,1,0,0,1,1
51,31,154,94332,2,3.5,1,0,0,1,0,0,1
34,11,183,95205,4,6.3,3,0,0,0,0,1,1
34,11,105,94816,2,2.6,1,168,0,0,0,0,1
36,8,27,94699,2,1.3,1,0,0,0,0,1,0
51,29,86,94955,1,0.3,3,0,0,0,0,1,0
56,30,184,92842,3,2.5,1,0,1,0,1,0,0
31,3,32,94099,1,2.0,3,0,0,0,0,1,1
25,0,162,95213,1,0.0,3,0,0,0,0,1,1
60,36,99,94740,4,2.3,1,0,0,0,0,0,0
53,35,96,92066,3,1.3,1,0,0,0,0,1,0
34,20,56,94604,1,1.7,3,140,0,0,0,1,0
45,19,147,91426,2,0.2,1,0,0,0,0,0,0
57,35,221,95123,3,6.5,1,259,1,0,1,1,0
37,17,52,95074,1,3.0,1,165,0,0,0,1,0
39,18,41,91631,2,0.9,1,0,0,0,0,0,0
51,20,92,89955,2,0.0,1,169,0,0,0,0,0
46,20,55,90439,1,2.1,3,292,0,0,0,1,1
59,38,121,92994,1,3.2,1,0,0,1,0,1,0
59,36,47,95267,4,8.7,2,319,0,0,0,0,0
32,8,23,92297,3,2.4,2,132,0,1,0,0,0
39,16,42,94701,3,1.2,2,114,0,1,0,1,0
34,12,58,91957,1,0.6,3,0,0,0,0,0,0
34,7,97,94299,4,8.1,3,0,1,0,0,0,0
59,35,130,94278,1,3.7,3,0,0,0,0,0,0
32,12,169,95761,4,8.3,1,377,1,0,1,1,1
59,32,62,95966,1,4.0,3,0,0,0,0,0,0
40,24,107,94212,3,6.9,3,0,1,0,0,0,0
40,15,85,94831,2,2.4,3,0,0,0,0,1,1
41,22,179,92178,3,5.1,2,261,0,0,1,0,0
30,5,56,91684,2,3.7,2,0,0,0,0,1,0
30,2,176,94916,1,6.3,1,0,1,0,1,0,0
34,7,87,92453,4,2.3,1,0,0,0,0,0,0
41,10,62,93105,1,3.1,3,121,0,0,0,0,1
48,24,105,94940,3,2.2,1,0,1,0,0,0,1
63,38,58,93463,1,3.0,3,164,0,0,0,0,0
56,30,114,92338,3,2.4,1,350,0,0,0,1,0
64,39,97,95713,1,1.6,3,0,0,0,0,1,0
36,16,55,94754,3,1.7,2,302,0,0,0,0,1
61,39,96,92759,1,1.1,3,0,0,0,0,1,1
26,2,87,90102,4,1.3,2,190,0,0,0,1,0
54,27,96,90357,1,0.3,1,220,0,0,0,1,0
52,22,135,94846,1,1.6,3,0,0,0,0,0,1
56,30,86,94176,1,0.0,3,0,0,0,0,1,0
46,22,15,92876,3,1.4,3,0,0,0,0,1,0
28,13,79,94948,4,2.0,2,264,0,0,0,1,1
41,18,100,94226,2,1.0,1,0,0,0,0,1,0
49,28,95,94861,4,3.0,3,345,0,0,0,1,1
56,32,53,94245,1,0.2,1,0,0,1,0,0,0
56,34,33,95895,1,2.9,1,0,0,1,0,1,1
29,4,48,92228,1,2.7,2,143,0,1,0,1,0
59,34,51,92767,1,2.5,3,0,0,0,0,1,1
28,8,82,94781,1,0.0,1,0,0,0,0,1,0
33,24,97,93273,1,3.0,2,0,0,0,0,1,0
26,2,84,92285,4,3.1,2,0,0,0,0,1,0
34,9,54,95931,1,1.8,3,0,0,0,0,1,1
31,7,166,95172,1,5.5,3,0,1,0,1,0,1
65,41,58,90465,1,1.1,1,0,0,0,0,0,0
47,25,19,92172,4,2.7,2,0,0,0,0,1,0
63,31,31,92989,1,2.0,3,0,0,0,0,1,0
61,35,33,92062,2,3.3,1,340,0,0,0,0,0
61,36,49,91215,2,2.2,3,0,0,0,0,1,0
41,17,103,95927,1,2.6,3,0,0,0,0,1,1
29,7,86,94162,2,3.0,2,0,0,0,0,1,0
57,39,53,90387,4,1.8,3,97,0,0,0,1,1
60,38,84,92777,1,2.7,3,0,0,0,0,0,0
43,21,189,95288,2,7.3,1,0,1,0,0,1,0
54,31,32,90106,4,3.2,3,209,0,0,0,1,0
67,43,30,93170,3,1.9,3,185,0,0,0,1,0
31,8,186,96076,2,1.9,3,282,1,1,0,1,0
57,35,168,90219,1,1.2,1,0,0,0,0,1,1
54,33,86,90227,1,2.7,1,0,0,0,0,1,1
48,14,53,91613,3,0.4,3,0,0,0,0,1,1
36,18,94,91528,3,1.2,2,0,0,0,0,0,1
28,4,83,91714,4,1.7,2,255,0,0,0,1,1
47,21,111,95008,4,6.7,1,0,1,1,0,0,0
57,36,83,94607,2,2.5,2,0,0,0,0,1,1
54,18,88,92941,1,1.8,1,0,0,0,0,1,1
33,7,177,94461,2,0.0,1,0,0,0,0,0,0
55,30,111,94912,3,3.3,1,0,0,0,0,0,0
47,25,61,90395,1,3.6,1,138,0,0,0,1,0
30,6,91,92263,2,3.0,2,0,0,0,0,1,0
37,18,49,95142,2,3.1,2,0,0,0,0,0,1
57,33,168,92890,1,2.1,3,0,0,0,0,1,0
43,11,63,94085,3,0.8,1,0,0,0,0,1,0
56,38,32,92878,2,1.7,1,137,0,0,0,1,0
39,18,90,95718,1,2.5,3,0,0,0,0,1,1
34,16,53,95867,1,3.1,3,0,0,0,0,1,0
60,32,89,91590,3,2.3,2,0,0,0,0,0,0
64,38,52,95560,1,2.3,3,0,0,0,0,0,1
31,23,31,90230,2,2.2,3,0,0,0,0,1,0
48,18,67,95209,1,3.8,3,203,0,0,0,1,0
41,24,110,94383,1,4.3,3,0,1,1,0,0,0
57,36,33,94458,1,3.6,3,150,0,0,0,1,0
56,30,37,92170,1,0.3,3,0,0,0,0,0,0
39,27,36,92669,1,0.6,3,0,0,0,0,0,0
60,34,199,93368,2,7.0,1,0,1,0,0,1,0
25,1,97,92274,1,3.3,3,0,0,0,0,1,0
42,16,90,91715,1,2.3,3,0,0,0,0,1,1
57,33,51,94829,1,2.1,3,156,0,0,0,0,0
33,10,23,94667,4,0.3,3,0,0,0,0,1,1
31,11,83,92978,1,0.9,3,0,0,0,0,1,0
66,41,33,92965,1,4.7,3,0,0,0,0,0,0
60,37,15,92039,1,0.3,1,0,0,1,0,0,0
62,33,93,90237,1,1.0,1,0,0,0,0,1,1
65,40,81,91660,3,2.5,2,167,0,0,0,1,0
47,26,170,92186,3,6.1,1,284,0,1,0,0,0
59,31,76,91833,2,7.5,3,370,0,0,0,1,0
49,20,106,93128,1,3.3,3,0,0,0,0,1,0
35,20,55,91787,1,1.3,3,0,0,0,0,1,0
40,19,192,94912,2,2.6,1,329,0,0,0,1,1
60,29,16,90243,1,2.4,2,0,0,0,0,1,1
43,20,47,90007,2,1.5,1,208,0,0,0,0,1
60,30,131,92259,2,0.3,1,0,0,0,0,0,0
31,3,48,95117,3,3.2,2,0,0,0,0,1,0
51,20,17,92017,1,0.7,3,0,0,0,0,1,0
50,33,60,95146,1,2.5,1,176,0,0,0,0,0
33,4,14,93285,1,0.6,1,179,0,0,0,0,0
63,41,180,95319,3,2.9,1,0,0,0,0,1,1
57,28,79,92176,3,0.0,1,0,0,0,0,1,1
50,18,192,92009,2,7.1,1,0,0,0,0,0,0
55,30,16,91336,3,1.2,2,291,0,1,0,1,0
61,32,60,92807,1,0.3,3,0,0,1,0,0,1
31,12,103,94984,4,2.6,2,0,0,1,0,0,0
42,23,93,94223,4,2.2,2,0,0,0,0,1,0
41,23,48,90450,1,1.4,2,354,0,0,0,1,0
41,23,80,90259,4,2.0,2,0,1,0,0,1,0
64,38,28,94230,2,1.0,2,0,0,0,0,1,1
25,-1,72,94968,4,3.1,2,0,0,0,0,0,1
46,22,31,95119,4,1.8,3,0,0,1,0,1,1
53,29,184,93475,1,6.7,1,0,0,0,1,0,0
33,7,52,92076,1,1.0,1,0,0,0,0,1,0
47,10,43,91597,3,1.9,3,0,0,0,0,0,0
41,4,89,94572,2,1.6,1,0,0,0,0,1,0
38,19,122,95056,4,3.8,3,0,0,0,0,0,0
27,0,80,93278,1,2.3,3,0,0,0,0,1,0
45,13,64,91667,1,3.7,3,0,0,0,0,1,0
60,37,17,91608,4,0.3,2,0,0,0,0,1,0
53,28,49,91989,1,2.0,3,0,0,0,0,1,0
47,31,60,95120,1,2.3,3,0,0,0,0,1,1
65,42,33,92025,1,2.3,3,0,0,0,0,1,1
57,34,110,95101,1,3.8,1,0,0,0,0,0,1
40,20,88,94331,1,2.6,2,0,0,0,0,0,1
56,30,62,94271,1,3.3,3,207,0,0,0,1,0
57,24,30,93370,2,1.6,1,0,0,1,0,1,0
50,27,120,92810,1,2.3,3,0,0,0,0,1,1
45,25,45,94160,2,1.8,3,0,0,0,0,1,0
41,13,18,93009,4,0.3,3,0,0,0,0,1,0
46,26,121,95061,2,2.6,3,0,1,1,0,1,0
44,20,106,96211,4,3.8,2,0,0,0,0,1,1
36,8,85,91077,2,0.3,2,0,0,0,0,0,0
52,23,39,94920,2,2.2,3,134,0,0,0,0,1
40,6,35,93445,1,3.0,3,0,0,0,0,1,1
43,11,48,94726,3,0.8,2,0,0,1,0,1,0
47,25,34,94231,4,2.2,3,123,0,0,0,0,0
43,22,99,92345,2,0.5,3,426,1,0,0,1,0
48,23,30,93144,3,1.8,2,0,0,0,0,1,0
31,6,95,91311,2,1.5,2,180,0,0,0,1,0
42,18,43,95846,3,1.1,2,110,0,1,0,1,1
59,31,17,93372,1,2.5,1,0,0,0,0,0,1
65,41,98,93288,1,0.4,3,0,0,0,0,1,0
39,7,96,95082,1,2.4,2,289,0,1,0,1,0
57,35,89,94322,3,2.2,2,0,0,0,0,1,0
57,33,56,92290,2,1.6,1,160,0,0,0,1,0
25,0,95,91737,3,2.5,3,0,0,0,0,0,0
33,9,168,94213,1,7.2,1,0,0,0,1,0,1
40,22,108,92223,4,2.3,3,0,0,0,0,1,0
43,25,38,96076,1,2.6,3,191,0,0,0,0,0
43,22,100,94255,3,2.4,1,0,0,0,0,0,1
54,27,72,92077,2,1.1,3,0,0,1,0,0,0
52,24,54,95913,3,2.5,3,184,0,0,0,0,0
26,7,184,94929,1,6.4,1,318,1,0,0,1,1
53,33,59,91491,1,1.8,3,0,0,0,0,1,1
58,31,96,91884,2,2.1,1,346,0,0,0,1,0
35,11,189,95135,2,8.6,1,0,1,0,1,1,0
60,38,53,90451,1,2.5,3,0,0,0,0,1,0
35,4,57,93107,1,1.0,3,0,0,0,0,0,0
45,28,199,92726,1,3.9,3,368,1,0,0,0,1
60,35,95,94682,3,0.2,2,433,0,0,0,1,0
28,10,38,92077,3,1.7,3,0,0,1,0,1,1
41,23,52,94995,1,1.9,3,0,0,0,0,1,0
38,14,152,94073,1,2.0,3,0,1,0,0,1,1
50,28,50,92128,4,2.0,1,172,0,0,0,0,0
50,25,97,92121,4,1.4,3,156,0,0,0,0,0
64,36,38,94148,4,2.9,2,150,0,0,0,1,0
28,1,81,95989,1,2.4,1,0,0,0,0,0,0
57,31,84,91745,2,1.5,1,0,0,0,0,0,0
29,2,33,94725,1,0.2,3,0,0,0,0,1,0
52,16,188,94926,2,0.3,1,0,0,0,0,0,0
41,14,180,95200,1,9.5,3,0,1,0,1,1,0
60,34,16,92974,2,0.4,2,128,0,0,0,1,0
40,21,219,93214,3,7.2,3,0,1,1,1,1,0
53,35,108,92305,2,0.3,2,0,0,0,0,0,1
28,5,166,90234,1,7.3,1,0,0,0,1,0,1
52,35,34,92167,1,3.2,3,551,0,0,0,0,0
50,21,86,90244,1,3.0,1,0,0,0,0,1,0
27,2,80,94910,1,1.7,3,284,0,1,0,1,1
60,40,108,90191,4,1.1,2,0,0,1,0,1,0
48,16,84,94912,2,2.0,2,224,0,0,0,1,0
43,19,42,94827,2,0.5,1,0,0,0,0,1,0
48,26,50,94591,2,2.3,2,0,0,0,0,0,0
40,16,56,94140,1,0.4,3,0,0,0,0,1,1
33,12,43,95999,1,1.5,3,0,0,0,0,1,0
37,10,59,92856,1,3.7,1,0,0,0,0,1,0
32,4,77,95162,4,0.3,1,218,0,0,0,0,0
27,5,181,90693,4,8.4,1,0,1,0,1,0,1
57,35,103,94855,3,1.7,2,0,0,1,0,1,1
56,25,56,93151,1,1.8,2,0,0,0,0,0,0
55,32,116,95457,3,1.4,2,0,0,0,0,1,1
44,18,29,92220,1,2.1,3,0,0,0,0,1,0
46,22,115,91792,4,3.9,3,0,0,0,0,1,1
58,25,52,94930,1,1.3,3,0,0,0,0,1,1
27,7,111,94918,1,3.5,3,0,0,1,0,0,1
56,27,49,91236,1,0.2,3,0,0,1,0,0,0
33,7,28,91358,4,2.4,2,191,0,0,0,1,1
41,8,50,94182,3,2.5,2,114,0,0,0,1,1
63,39,34,91923,4,2.1,3,0,0,0,0,1,0
53,37,107,93164,3,3.7,3,0,0,0,0,0,0
27,1,12,94273,3,1.8,1,0,0,0,0,0,0
25,1,44,94914,1,2.5,3,0,0,0,0,0,0
31,10,108,90521,1,2.2,1,0,0,0,0,1,0
58,35,59,94374,1,0.3,1,132,0,0,0,0,0
44,21,170,91690,1,8.7,1,0,1,0,0,1,0
31,15,43,94951,1,2.2,3,229,0,0,0,0,1
28,5,61,95099,3,2.3,3,136,0,0,0,0,1
61,33,56,92318,4,1.6,2,184,0,0,0,1,0
56,30,102,93187,3,3.0,2,0,0,0,0,1,0
48,29,23,94267,4,1.5,3,0,0,0,0,1,0
62,32,104,90497,4,3.8,3,0,0,0,0,0,0
48,20,173,92329,1,8.2,3,0,1,0,1,0,0
59,28,69,91414,2,0.5,1,0,0,0,0,0,0
58,31,110,92267,1,1.2,3,0,0,0,0,0,0
60,33,20,90437,2,3.3,1,0,0,0,0,1,0
58,33,89,95194,4,2.0,2,0,0,0,0,1,0
47,27,53,93471,2,0.3,3,142,0,0,0,1,0
33,10,141,96123,1,1.0,2,0,0,1,0,0,0
36,8,29,92099,4,1.5,2,165,0,0,0,1,1
42,15,42,90221,2,1.9,1,0,0,0,0,0,1
53,30,201,94262,3,1.7,2,0,1,0,0,0,0
63,35,48,91934,3,3.1,3,0,0,0,0,0,1
56,23,112,95820,4,1.5,2,0,0,0,0,0,0
56,19,77,92136,2,1.8,1,0,0,0,0,1,0
31,7,54,95039,1,3.0,3,0,0,0,0,1,0
42,17,116,94266,2,2.7,1,0,0,0,0,1,1
54,31,21,90306,2,1.8,1,248,0,1,0,1,0
46,17,32,92961,3,2.0,2,148,0,0,0,0,1
50,30,56,94305,1,6.0,3,0,0,0,0,1,0
52,33,97,93221,1,1.6,1,150,0,0,0,1,0
64,41,26,92320,4,2.3,3,0,0,0,0,0,0
48,25,107,90173,4,1.0,1,286,0,0,0,1,1
55,16,48,95271,2,1.6,2,0,0,0,0,1,0
57,36,51,92806,1,1.1,1,0,0,0,0,1,0
51,21,57,92152,1,1.4,1,0,0,0,0,1,1
58,26,32,92233,1,3.5,2,0,0,0,0,1,0
51,22,17,95583,2,2.4,1,0,0,0,0,1,0
52,19,93,92207,4,2.1,2,0,0,0,0,0,0
57,27,48,92273,1,2.7,1,305,0,0,0,1,0
30,5,77,92098,1,1.8,2,306,0,0,0,1,0
59,21,170,91273,1,4.1,3,0,0,0,0,0,0
35,15,50,91171,1,1.4,3,198,0,0,0,1,0
42,16,88,96083,1,2.1,2,0,0,0,0,1,0
24,-2,54,93346,1,2.6,3,0,0,0,0,0,0
56,35,41,92759,1,3.6,3,0,0,0,0,1,0
58,26,27,94117,1,1.1,1,199,0,0,0,1,0
38,15,57,94247,1,1.2,3,198,0,0,0,1,0
45,18,25,93982,3,0.6,1,331,0,0,0,0,0
49,22,30,95187,3,1.1,2,178,0,0,0,0,0
28,0,28,92198,1,1.7,1,216,0,0,0,0,0
62,31,17,94330,4,1.4,1,147,0,0,0,1,0
51,25,33,92227,1,2.1,3,0,0,0,0,1,0
25,-1,113,90472,4,3.7,2,0,0,0,0,0,0
62,33,24,95959,4,2.2,3,201,0,1,0,1,0
56,33,50,93173,1,3.2,2,0,0,0,0,0,0
51,15,87,94914,4,0.3,1,0,0,0,0,0,0
24,-1,45,95913,1,1.2,3,0,0,0,0,0,0
32,8,26,92026,1,1.0,3,152,0,1,0,1,1
36,12,57,94979,3,1.2,2,0,0,1,0,1,0
31,4,52,96117,4,2.9,3,0,0,0,0,0,0
61,34,98,93044,3,1.2,2,257,0,0,0,1,0
31,9,34,95867,4,1.5,3,0,0,0,0,1,0
46,16,173,94737,1,0.9,3,354,0,0,0,0,0
35,7,209,93313,1,8.3,3,0,1,0,0,0,0
63,39,29,91539,2,1.5,1,181,0,0,0,0,0
25,2,32,94921,4,1.7,3,214,0,0,0,0,0
33,12,32,95283,1,3.6,3,0,0,0,0,0,0
42,22,95,90465,1,1.4,2,0,0,0,0,1,0
43,23,105,92571,1,2.3,3,0,0,1,0,0,0
62,32,202,92228,1,2.3,3,0,1,0,1,1,0
45,30,47,94278,1,1.3,3,190,0,0,0,1,0
45,25,30,94975,3,0.8,2,119,0,1,0,1,0
42,21,96,91728,2,2.8,1,0,0,0,0,0,0
56,34,18,93176,3,3.6,3,0,0,0,0,0,1
56,29,46,91362,2,2.5,1,0,0,0,0,0,0
55,31,47,90284,1,2.6,1,133,0,0,0,0,0
65,41,99,95183,2,0.4,3,0,0,0,0,0,0
46,24,103,94269,4,1.1,1,0,0,0,0,0,0
48,27,194,95212,4,10.0,1,0,0,0,0,0,0
52,32,41,94532,1,1.3,1,0,0,0,0,1,0
34,18,194,95048,2,4.2,3,0,0,0,0,1,1
52,33,100,94740,3,0.4,2,0,0,0,0,0,0
28,5,107,94260,2,0.0,1,0,0,0,0,0,0
62,35,86,94783,4,0.3,1,0,0,0,0,0,0
35,18,45,95128,3,1.2,2,0,0,1,0,1,1
37,17,17,95153,1,1.9,1,0,0,1,0,1,0
32,14,85,95910,4,0.8,2,0,0,0,0,1,0
59,29,102,90440,2,3.0,1,238,0,0,0,0,0
54,30,147,96037,1,6.0,1,0,0,0,0,1,0
52,16,34,93110,1,4.6,3,0,0,0,0,1,0
33,13,35,95041,3,0.0,2,112,0,0,0,0,0
42,21,215,92276,3,7.6,1,0,1,0,1,1,1
29,7,79,94127,2,7.0,1,288,1,0,0,1,1
37,7,51,90677,1,3.2,3,0,0,0,0,1,0
62,36,195,91618,3,2.8,2,191,1,0,0,1,1
43,14,96,90390,4,0.3,1,136,0,0,0,0,0
66,40,51,94818,2,1.8,3,132,0,0,0,1,1
37,21,84,92741,2,2.5,3,0,0,0,0,1,0
27,6,75,92208,1,3.7,1,0,0,1,0,0,0
58,32,53,92931,4,2.7,1,0,0,0,0,1,0
58,38,34,93308,1,2.3,3,0,0,0,0,1,0
66,41,36,91641,3,3.5,3,0,0,0,0,1,0
46,18,92,94250,4,0.2,1,0,0,1,0,0,0
42,13,19,92227,1,1.1,3,0,0,1,0,1,0
60,35,85,94209,2,1.6,3,334,0,1,0,1,1
51,35,115,95288,4,3.9,2,0,0,1,0,1,1
58,28,42,94215,3,1.6,1,0,0,0,0,1,0
24,-1,136,95356,1,6.5,1,0,0,0,0,1,1
33,3,48,94971,2,1.9,3,0,0,0,0,1,1
49,27,31,93305,3,2.4,1,0,0,1,0,1,1
62,37,31,92678,1,1.1,3,0,0,0,0,1,0
49,31,120,92958,1,0.3,3,0,0,0,0,0,0
37,9,104,93097,1,2.7,3,0,0,0,0,0,0
36,9,166,92844,1,6.7,1,0,0,0,0,1,0
55,29,92,94810,4,0.7,2,0,1,0,0,0,0
39,12,100,90438,4,2.5,1,0,0,0,0,0,0
64,35,109,90488,2,9.2,1,0,0,0,0,1,1
62,34,55,92658,2,1.5,3,0,0,0,0,1,0
58,23,67,94753,2,3.7,1,0,0,0,0,1,0
34,10,199,92821,2,2.6,1,0,0,0,0,0,0
61,34,42,93458,1,4.2,3,0,0,0,0,0,0
25,1,47,92227,1,2.1,1,0,0,0,0,0,0
42,20,206,94257,3,3.1,3,0,0,0,0,1,0
37,8,102,94684,1,0.9,3,0,0,0,0,1,0
44,16,25,92013,1,3.0,3,0,0,0,0,0,0
63,35,104,90238,4,2.0,3,0,0,0,0,1,0
50,31,31,95913,2,1.9,1,165,0,0,0,0,1
51,30,175,91503,4,8.3,1,0,1,0,1,1,0
55,31,90,94833,1,2.3,3,194,0,0,0,0,0
28,3,29,91526,2,1.4,1,0,0,0,0,0,1
34,9,90,91963,1,2.8,3,0,0,0,0,0,1
46,24,14,91483,3,0.8,2,136,0,0,0,1,0
62,41,121,90447,1,2.9,3,0,0,0,0,1,0
46,33,63,95813,1,2.4,3,129,0,0,0,1,0
46,28,56,96243,1,3.7,3,156,0,0,0,1,1
56,35,41,92057,3,0.9,1,0,0,0,0,0,0
36,24,199,94847,2,9.4,3,0,1,0,1,1,0
55,30,80,95689,2,0.7,1,0,0,0,0,1,0
37,7,31,94308,2,0.0,1,0,0,0,0,1,1
29,0,53,94359,1,3.8,3,0,0,0,0,1,1
38,14,14,95035,4,2.9,3,173,0,0,0,0,0
57,32,52,90416,1,0.5,1,0,0,0,0,0,0
62,37,58,95749,1,1.7,1,310,0,0,0,1,0
53,24,51,94852,2,2.1,3,185,0,0,0,0,0
32,3,31,91428,4,0.3,3,197,0,0,0,1,0
64,36,38,94888,4,2.1,3,154,0,1,0,1,0
55,37,57,93413,1,6.2,3,0,0,0,0,1,0
36,14,31,94185,4,0.8,3,0,0,0,0,1,1
55,33,106,94798,2,3.1,1,0,0,0,0,1,0
62,31,26,94107,3,1.0,1,0,0,0,0,0,0
34,17,166,95054,4,2.6,1,266,0,0,1,0,0
65,41,43,92130,1,1.3,3,0,0,0,0,0,1
55,27,114,94183,1,0.3,3,193,0,0,0,0,1
32,21,120,95055,4,3.2,3,459,0,0,0,1,1
53,30,35,94986,3,2.2,3,147,0,0,0,1,0
59,39,101,95186,1,2.8,1,0,0,0,0,0,0
59,37,88,94868,4,1.1,2,143,0,0,0,1,0
60,32,40,95297,1,0.6,2,0,0,0,0,0,0
26,1,51,95550,2,1.5,2,208,0,0,0,1,0
58,34,12,94270,2,1.1,1,0,0,0,0,1,0
27,3,106,90350,4,3.5,1,0,0,0,0,1,1
43,18,24,90386,1,3.2,2,0,0,0,0,1,0
28,9,48,94212,2,1.3,1,116,0,0,0,0,0
48,26,42,93400,1,3.7,3,193,0,0,0,0,0
44,28,102,91860,1,3.2,3,0,0,0,0,1,1
48,27,61,94321,4,4.9,3,222,0,0,0,1,0
66,42,55,93236,3,3.5,1,0,0,0,0,0,0
46,13,45,91734,2,2.7,1,140,0,0,0,0,0
57,31,171,93301,4,5.3,1,0,1,1,1,1,1
35,9,81,93068,3,2.2,2,0,0,1,0,0,0
42,20,76,92264,1,2.8,3,0,0,0,0,1,1
30,3,46,91258,4,2.9,2,0,0,0,0,0,0
37,21,36,90327,1,2.6,3,143,0,0,0,1,1
66,42,61,94230,1,0.4,2,0,0,0,0,0,0
57,36,56,93500,1,3.4,3,0,0,0,0,1,0
42,20,98,95075,4,0.4,3,208,0,0,0,0,0
43,14,38,94977,2,2.5,3,174,0,0,0,1,0
28,2,139,92219,2,2.8,1,0,0,0,0,1,0
41,6,68,91307,3,2.0,2,0,0,0,0,1,0
58,33,194,94091,2,7.0,1,0,0,0,0,1,0
43,18,91,94135,1,1.3,3,0,0,0,0,1,0
63,37,52,94253,4,3.7,3,0,0,0,0,1,1
38,19,78,92332,2,3.0,1,0,0,0,0,1,1
66,41,17,95614,2,2.2,3,0,0,0,0,1,1
53,32,85,91415,3,1.9,2,0,0,1,0,1,1
48,26,59,90504,1,3.2,3,0,0,0,0,1,0
57,28,45,93181,1,0.9,3,0,0,0,0,1,0
64,41,81,94960,1,3.3,2,0,0,0,0,1,1
66,40,40,95204,4,7.0,3,177,0,0,0,1,0
38,8,45,93128,4,1.8,3,161,0,0,0,0,0
57,37,34,90362,3,1.3,2,179,0,0,0,1,0
57,36,79,93083,1,2.5,3,0,0,0,0,1,1
37,6,71,91957,1,3.3,1,0,0,0,0,0,0
27,2,46,94928,1,2.8,1,0,0,0,0,0,0
42,20,100,95263,4,0.2,1,217,0,0,0,0,0
53,31,169,92298,1,6.2,1,0,1,0,1,1,0
58,28,30,94341,2,2.6,3,161,0,0,0,0,0
45,25,96,95076,4,0.8,1,192,0,0,0,1,0
29,10,32,91706,2,3.5,3,109,0,0,0,0,0
29,7,195,91564,2,2.8,3,0,1,0,0,0,1
61,38,168,95005,2,6.4,1,384,0,0,0,0,1
39,24,215,92389,2,9.0,1,0,1,0,1,0,0
62,36,34,93019,1,0.2,3,0,0,0,0,0,0
24,2,26,91496,4,1.5,1,0,0,0,0,1,0
36,14,53,95355,1,0.6,3,0,0,0,0,1,0
60,34,183,94297,4,3.3,1,0,0,0,1,0,0
45,27,99,90505,4,0.3,1,0,0,0,0,0,1
43,19,37,95262,4,0.3,2,0,0,0,0,0,0
35,5,71,94082,3,0.7,2,0,0,1,0,1,0
63,35,83,92043,2,3.4,1,0,0,0,0,1,0
65,41,80,93075,1,3.1,1,0,0,0,0,1,0
52,29,182,92038,1,1.2,1,0,0,0,0,1,0
61,32,56,95881,4,0.3,1,0,0,0,0,0,0
60,27,28,94226,2,1.4,1,0,0,0,0,0,0
